{
  "version": "0.1.0",
  "name": "betting",
  "instructions": [
    {
      "name": "createPool",
      "accounts": [
        {
          "name": "owner",
          "isMut": true,
          "isSigner": true
        },
        {
          "name": "pool",
          "isMut": true,
          "isSigner": false
        },
        {
          "name": "rand",
          "isMut": false,
          "isSigner": false,
          "docs": [
            "CHECK : Random Address"
          ]
        },
        {
          "name": "systemProgram",
          "isMut": false,
          "isSigner": false
        }
      ],
      "args": [
        {
          "name": "bump",
          "type": "u8"
        }
      ]
    },
    {
      "name": "setAuthority",
      "accounts": [
        {
          "name": "owner",
          "isMut": true,
          "isSigner": true
        },
        {
          "name": "pool",
          "isMut": true,
          "isSigner": false
        }
      ],
      "args": [
        {
          "name": "newAuthority",
          "type": "publicKey"
        }
      ]
    },
    {
      "name": "setDelegates",
      "accounts": [
        {
          "name": "owner",
          "isMut": true,
          "isSigner": true
        },
        {
          "name": "pool",
          "isMut": true,
          "isSigner": false
        }
      ],
      "args": [
        {
          "name": "delegates",
          "type": {
            "vec": "publicKey"
          }
        }
      ]
    },
    {
      "name": "setFeeData",
      "accounts": [
        {
          "name": "owner",
          "isMut": true,
          "isSigner": true
        },
        {
          "name": "pool",
          "isMut": true,
          "isSigner": false
        }
      ],
      "args": [
        {
          "name": "feeData",
          "type": {
            "vec": {
              "defined": "FeeData"
            }
          }
        }
      ]
    },
    {
      "name": "setCollectionData",
      "accounts": [
        {
          "name": "owner",
          "isMut": true,
          "isSigner": true
        },
        {
          "name": "pool",
          "isMut": true,
          "isSigner": false
        }
      ],
      "args": [
        {
          "name": "collectionName",
          "type": "string"
        },
        {
          "name": "collectionCreator",
          "type": "publicKey"
        },
        {
          "name": "collectionFee",
          "type": "u16"
        }
      ]
    },
    {
      "name": "createGame",
      "accounts": [
        {
          "name": "creator",
          "isMut": true,
          "isSigner": true
        },
        {
          "name": "pool",
          "isMut": false,
          "isSigner": false
        },
        {
          "name": "game",
          "isMut": true,
          "isSigner": true
        },
        {
          "name": "systemProgram",
          "isMut": false,
          "isSigner": false
        }
      ],
      "args": [
        {
          "name": "category",
          "type": "u8"
        },
        {
          "name": "team1",
          "type": "string"
        },
        {
          "name": "team2",
          "type": "string"
        },
        {
          "name": "time",
          "type": "i64"
        }
      ]
    },
    {
      "name": "resultGame",
      "accounts": [
        {
          "name": "creator",
          "isMut": true,
          "isSigner": true
        },
        {
          "name": "pool",
          "isMut": false,
          "isSigner": false
        },
        {
          "name": "game",
          "isMut": true,
          "isSigner": false
        },
        {
          "name": "clock",
          "isMut": false,
          "isSigner": false
        }
      ],
      "args": [
        {
          "name": "res",
          "type": "u8"
        }
      ]
    },
    {
      "name": "createLeaderboard",
      "accounts": [
        {
          "name": "owner",
          "isMut": true,
          "isSigner": true
        },
        {
          "name": "pool",
          "isMut": false,
          "isSigner": false
        },
        {
          "name": "leaderboard",
          "isMut": true,
          "isSigner": false
        },
        {
          "name": "systemProgram",
          "isMut": false,
          "isSigner": false
        }
      ],
      "args": []
    },
    {
      "name": "createP2pBet",
      "accounts": [
        {
          "name": "wallet",
          "isMut": true,
          "isSigner": true
        },
        {
          "name": "leaderboard",
          "isMut": true,
          "isSigner": false
        },
        {
          "name": "pool",
          "isMut": false,
          "isSigner": false
        },
        {
          "name": "game",
          "isMut": true,
          "isSigner": false
        },
        {
          "name": "bet",
          "isMut": true,
          "isSigner": true
        },
        {
          "name": "mint",
          "isMut": false,
          "isSigner": false
        },
        {
          "name": "walletTokenAccount",
          "isMut": true,
          "isSigner": false
        },
        {
          "name": "poolTokenAccount",
          "isMut": true,
          "isSigner": false
        },
        {
          "name": "tokenProgram",
          "isMut": false,
          "isSigner": false
        },
        {
          "name": "systemProgram",
          "isMut": false,
          "isSigner": false
        },
        {
          "name": "clock",
          "isMut": false,
          "isSigner": false
        }
      ],
      "args": [
        {
          "name": "amount",
          "type": "u64"
        },
        {
          "name": "sel",
          "type": "u8"
        },
        {
          "name": "opWallet",
          "type": "publicKey"
        },
        {
          "name": "verified",
          "type": "bool"
        }
      ]
    },
    {
      "name": "acceptP2pBet",
      "accounts": [
        {
          "name": "wallet",
          "isMut": true,
          "isSigner": true
        },
        {
          "name": "leaderboard",
          "isMut": true,
          "isSigner": false
        },
        {
          "name": "pool",
          "isMut": false,
          "isSigner": false
        },
        {
          "name": "game",
          "isMut": false,
          "isSigner": false
        },
        {
          "name": "bet",
          "isMut": true,
          "isSigner": false
        },
        {
          "name": "walletTokenAccount",
          "isMut": true,
          "isSigner": false
        },
        {
          "name": "poolTokenAccount",
          "isMut": true,
          "isSigner": false
        },
        {
          "name": "tokenProgram",
          "isMut": false,
          "isSigner": false
        },
        {
          "name": "systemProgram",
          "isMut": false,
          "isSigner": false
        },
        {
          "name": "clock",
          "isMut": false,
          "isSigner": false
        }
      ],
      "args": [
        {
          "name": "verified",
          "type": "bool"
        }
      ]
    },
    {
      "name": "acceptP2pOpenBet",
      "accounts": [
        {
          "name": "wallet",
          "isMut": true,
          "isSigner": true
        },
        {
          "name": "leaderboard",
          "isMut": true,
          "isSigner": false
        },
        {
          "name": "pool",
          "isMut": false,
          "isSigner": false
        },
        {
          "name": "game",
          "isMut": false,
          "isSigner": false
        },
        {
          "name": "bet",
          "isMut": true,
          "isSigner": false
        },
        {
          "name": "walletTokenAccount",
          "isMut": true,
          "isSigner": false
        },
        {
          "name": "poolTokenAccount",
          "isMut": true,
          "isSigner": false
        },
        {
          "name": "tokenProgram",
          "isMut": false,
          "isSigner": false
        },
        {
          "name": "systemProgram",
          "isMut": false,
          "isSigner": false
        },
        {
          "name": "clock",
          "isMut": false,
          "isSigner": false
        }
      ],
      "args": [
        {
          "name": "verified",
          "type": "bool"
        }
      ]
    },
    {
      "name": "cancelP2pBet",
      "accounts": [
        {
          "name": "wallet",
          "isMut": true,
          "isSigner": true
        },
        {
          "name": "leaderboard",
          "isMut": true,
          "isSigner": false
        },
        {
          "name": "pool",
          "isMut": false,
          "isSigner": false
        },
        {
          "name": "game",
          "isMut": true,
          "isSigner": false
        },
        {
          "name": "bet",
          "isMut": true,
          "isSigner": false
        },
        {
          "name": "walletTokenAccount",
          "isMut": true,
          "isSigner": false
        },
        {
          "name": "poolTokenAccount",
          "isMut": true,
          "isSigner": false
        },
        {
          "name": "tokenProgram",
          "isMut": false,
          "isSigner": false
        },
        {
          "name": "clock",
          "isMut": false,
          "isSigner": false
        }
      ],
      "args": []
    },
    {
      "name": "withdrawP2pBet",
      "accounts": [
        {
          "name": "wallet",
          "isMut": true,
          "isSigner": true
        },
        {
          "name": "leaderboard",
          "isMut": true,
          "isSigner": false
        },
        {
          "name": "leaderboard2",
          "isMut": true,
          "isSigner": false
        },
        {
          "name": "pool",
          "isMut": false,
          "isSigner": false
        },
        {
          "name": "game",
          "isMut": false,
          "isSigner": false
        },
        {
          "name": "bet",
          "isMut": true,
          "isSigner": false
        },
        {
          "name": "walletTokenAccount",
          "isMut": true,
          "isSigner": false
        },
        {
          "name": "poolTokenAccount",
          "isMut": true,
          "isSigner": false
        },
        {
          "name": "tokenProgram",
          "isMut": false,
          "isSigner": false
        },
        {
          "name": "systemProgram",
          "isMut": false,
          "isSigner": false
        }
      ],
      "args": []
    },
    {
      "name": "createHouseBet",
      "accounts": [
        {
          "name": "wallet",
          "isMut": true,
          "isSigner": true
        },
        {
          "name": "leaderboard",
          "isMut": true,
          "isSigner": false
        },
        {
          "name": "pool",
          "isMut": false,
          "isSigner": false
        },
        {
          "name": "game",
          "isMut": true,
          "isSigner": false
        },
        {
          "name": "bet",
          "isMut": true,
          "isSigner": false
        },
        {
          "name": "mint",
          "isMut": false,
          "isSigner": false
        },
        {
          "name": "walletTokenAccount",
          "isMut": true,
          "isSigner": false
        },
        {
          "name": "poolTokenAccount",
          "isMut": true,
          "isSigner": false
        },
        {
          "name": "tokenProgram",
          "isMut": false,
          "isSigner": false
        },
        {
          "name": "systemProgram",
          "isMut": false,
          "isSigner": false
        },
        {
          "name": "clock",
          "isMut": false,
          "isSigner": false
        }
      ],
      "args": [
        {
          "name": "amount",
          "type": "u64"
        },
        {
          "name": "sel",
          "type": "u8"
        },
        {
          "name": "verified",
          "type": "bool"
        }
      ]
    },
    {
      "name": "withdrawHouseBet",
      "accounts": [
        {
          "name": "wallet",
          "isMut": true,
          "isSigner": true
        },
        {
          "name": "leaderboard",
          "isMut": true,
          "isSigner": false
        },
        {
          "name": "pool",
          "isMut": false,
          "isSigner": false
        },
        {
          "name": "game",
          "isMut": false,
          "isSigner": false
        },
        {
          "name": "bet",
          "isMut": true,
          "isSigner": false
        },
        {
          "name": "walletTokenAccount",
          "isMut": true,
          "isSigner": false
        },
        {
          "name": "poolTokenAccount",
          "isMut": true,
          "isSigner": false
        },
        {
          "name": "tokenProgram",
          "isMut": false,
          "isSigner": false
        },
        {
          "name": "systemProgram",
          "isMut": false,
          "isSigner": false
        }
      ],
      "args": []
    },
    {
      "name": "redeem",
      "accounts": [
        {
          "name": "wallet",
          "isMut": true,
          "isSigner": true
        },
        {
          "name": "leaderboard",
          "isMut": true,
          "isSigner": false
        },
        {
          "name": "pool",
          "isMut": false,
          "isSigner": false
        },
        {
          "name": "game",
          "isMut": false,
          "isSigner": false
        },
        {
          "name": "bet",
          "isMut": true,
          "isSigner": false
        },
        {
          "name": "walletTokenAccount",
          "isMut": true,
          "isSigner": false
        },
        {
          "name": "poolTokenAccount",
          "isMut": true,
          "isSigner": false
        },
        {
          "name": "tokenProgram",
          "isMut": false,
          "isSigner": false
        }
      ],
      "args": []
    },
    {
      "name": "updateGame",
      "accounts": [
        {
          "name": "creator",
          "isMut": true,
          "isSigner": true
        },
        {
          "name": "pool",
          "isMut": false,
          "isSigner": false
        },
        {
          "name": "game",
          "isMut": true,
          "isSigner": false
        }
      ],
      "args": [
        {
          "name": "category",
          "type": "u8"
        },
        {
          "name": "team1",
          "type": "string"
        },
        {
          "name": "team2",
          "type": "string"
        },
        {
          "name": "time",
          "type": "i64"
        }
      ]
    }
  ],
  "accounts": [
    {
      "name": "Pool",
      "type": {
        "kind": "struct",
        "fields": [
          {
            "name": "owner",
            "type": "publicKey"
          },
          {
            "name": "rand",
            "type": "publicKey"
          },
          {
            "name": "delegates",
            "type": {
              "vec": "publicKey"
            }
          },
          {
            "name": "feeData",
            "type": {
              "vec": {
                "defined": "FeeData"
              }
            }
          },
          {
            "name": "collectionName",
            "type": "string"
          },
          {
            "name": "collectionCreator",
            "type": "publicKey"
          },
          {
            "name": "collectionFee",
            "type": "u16"
          },
          {
            "name": "bump",
            "type": "u8"
          }
        ]
      }
    },
    {
      "name": "Game",
      "type": {
        "kind": "struct",
        "fields": [
          {
            "name": "pool",
            "type": "publicKey"
          },
          {
            "name": "creator",
            "type": "publicKey"
          },
          {
            "name": "status",
            "type": "u8"
          },
          {
            "name": "category",
            "type": "u8"
          },
          {
            "name": "team1",
            "type": "string"
          },
          {
            "name": "team2",
            "type": "string"
          },
          {
            "name": "time",
            "type": "i64"
          },
          {
            "name": "totalBet",
            "type": "u16"
          }
        ]
      }
    },
    {
      "name": "Bet",
      "type": {
        "kind": "struct",
        "fields": [
          {
            "name": "pool",
            "type": "publicKey"
          },
          {
            "name": "betType",
            "type": "u8"
          },
          {
            "name": "status",
            "type": "u8"
          },
          {
            "name": "game",
            "type": "publicKey"
          },
          {
            "name": "wallet1",
            "type": "publicKey"
          },
          {
            "name": "wallet2",
            "type": "publicKey"
          },
          {
            "name": "mint",
            "type": "publicKey"
          },
          {
            "name": "tokenAccount",
            "type": "publicKey"
          },
          {
            "name": "amount",
            "type": "u64"
          },
          {
            "name": "select",
            "type": "u8"
          },
          {
            "name": "isCollection1",
            "type": "bool"
          },
          {
            "name": "isCollection2",
            "type": "bool"
          }
        ]
      }
    },
    {
      "name": "Leaderboard",
      "type": {
        "kind": "struct",
        "fields": [
          {
            "name": "pool",
            "type": "publicKey"
          },
          {
            "name": "wallet",
            "type": "publicKey"
          },
          {
            "name": "wagerData",
            "type": {
              "vec": {
                "defined": "WagerData"
              }
            }
          }
        ]
      }
    }
  ],
  "types": [
    {
      "name": "FeeData",
      "type": {
        "kind": "struct",
        "fields": [
          {
            "name": "address",
            "type": "publicKey"
          },
          {
            "name": "amount",
            "type": "u64"
          }
        ]
      }
    },
    {
      "name": "WagerData",
      "type": {
        "kind": "struct",
        "fields": [
          {
            "name": "totalCount",
            "type": "u16"
          },
          {
            "name": "winCount",
            "type": "u16"
          },
          {
            "name": "lossCount",
            "type": "u16"
          },
          {
            "name": "tieCount",
            "type": "u16"
          },
          {
            "name": "mint",
            "type": "publicKey"
          },
          {
            "name": "totalWager",
            "type": "u64"
          },
          {
            "name": "totalEarn",
            "type": "u64"
          },
          {
            "name": "totalTie",
            "type": "u64"
          }
        ]
      }
    },
    {
      "name": "PoolError",
      "type": {
        "kind": "enum",
        "variants": [
          {
            "name": "InvalidFeeWallets"
          },
          {
            "name": "NumericalOverflowError"
          },
          {
            "name": "InvalidFeeData"
          },
          {
            "name": "InvalidOpWallet"
          },
          {
            "name": "AlreadyRedeem"
          }
        ]
      }
    }
  ]
}