{
  "version": "0.1.0",
  "name": "wrapper",
  "instructions": [
    {
      "name": "approve",
      "accounts": [
        {
          "name": "payer",
          "isMut": true,
          "isSigner": true
        },
        {
          "name": "delegate",
          "isMut": true,
          "isSigner": false
        },
        {
          "name": "tokenAccount",
          "isMut": true,
          "isSigner": false
        },
        {
          "name": "tokenProgram",
          "isMut": false,
          "isSigner": false
        }
      ],
      "args": [
        {
          "name": "amount",
          "type": "u64"
        }
      ]
    }
  ]
}